Preprocessing,No Preprocessing,No Preprocessing,No Preprocessing,Normalize,Normalize,Normalize,Transform,Transform,Transform,PCA,PCA,PCA,T+N,T+N,T+N,T+N+PCA,T+N+PCA,T+N+PCA
Clusters,c=3,c=4,c=5,c=3,c=4,c=5,c=3,c=4,c=5,c=3,c=4,c=5,c=3,c=4,c=5,c=3,c=4,c=5
Silhouette,0.34726590057721557,0.34726590057721557,0.34726590057721557,0.35906436117216,0.35906436117216,0.35906436117216,0.34726590057721557,0.34726590057721557,0.34726590057721557,0.3352383907724748,0.3352383907724748,0.3352383907724748,0.35906436117216,0.35906436117216,0.35906436117216,0.4776233197095054,0.4776233197095054,0.4776233197095054
Calinski-Harabasz,266.2209223319081,266.2209223319081,266.2209223319081,244.67594404707177,244.67594404707177,244.67594404707177,266.2209223319081,266.2209223319081,266.2209223319081,250.23930429183267,250.23930429183267,250.23930429183267,244.67594404707177,244.67594404707177,244.67594404707177,310.2862749269447,310.2862749269447,310.2862749269447
Davies-Bouldin,0.8154760592030401,0.8154760592030401,0.8154760592030401,0.7445719790622399,0.7445719790622399,0.7445719790622399,0.8154760592030401,0.8154760592030401,0.8154760592030401,0.9684234053941378,0.9684234053941378,0.9684234053941378,0.7445719790622399,0.7445719790622399,0.7445719790622399,0.620374657041125,0.620374657041125,0.620374657041125
