Preprocessing,No Preprocessing,No Preprocessing,No Preprocessing,Normalize,Normalize,Normalize,Transform,Transform,Transform,PCA,PCA,PCA,T+N,T+N,T+N,T+N+PCA,T+N+PCA,T+N+PCA
Clusters,c=3,c=4,c=5,c=3,c=4,c=5,c=3,c=4,c=5,c=3,c=4,c=5,c=3,c=4,c=5,c=3,c=4,c=5
Silhouette,0.6587292996216912,0.6587292996216912,0.6587292996216912,0.5365826498495754,0.5365826498495754,0.5365826498495754,0.6587292996216912,0.6587292996216912,0.6587292996216912,0.6590718062960337,0.6590718062960337,0.6590718062960337,0.5365826498495754,0.5365826498495754,0.5365826498495754,0.5461320282173209,0.5461320282173209,0.5461320282173209
Calinski-Harabasz,483.1128599196659,483.1128599196659,483.1128599196659,235.7946502196747,235.7946502196747,235.7946502196747,483.1128599196659,483.1128599196659,483.1128599196659,483.4215213583909,483.4215213583909,483.4215213583909,235.7946502196747,235.7946502196747,235.7946502196747,317.8842143547526,317.8842143547526,317.8842143547526
Davies-Bouldin,0.4586167303267668,0.4586167303267668,0.4586167303267668,0.6026285687354614,0.6026285687354614,0.6026285687354614,0.4586167303267668,0.4586167303267668,0.4586167303267668,0.4582739648091036,0.4582739648091036,0.4582739648091036,0.6026285687354614,0.6026285687354614,0.6026285687354614,0.6251719709415396,0.6251719709415396,0.6251719709415396
