Preprocessing,No Preprocessing,No Preprocessing,No Preprocessing,Normalize,Normalize,Normalize,Transform,Transform,Transform,PCA,PCA,PCA,T+N,T+N,T+N,T+N+PCA,T+N+PCA,T+N+PCA
Clusters,c=3,c=4,c=5,c=3,c=4,c=5,c=3,c=4,c=5,c=3,c=4,c=5,c=3,c=4,c=5,c=3,c=4,c=5
Silhouette,0.5406824747857601,0.5406824747857601,0.5406824747857601,0.4166213398222522,0.4166213398222522,0.4166213398222522,0.5406824747857601,0.5406824747857601,0.5406824747857601,0.5441836146931884,0.5441836146931884,0.5441836146931884,0.4166213398222522,0.4166213398222522,0.4166213398222522,0.4633121003301492,0.4633121003301492,0.4633121003301492
Calinski-Harabasz,1297.5775672611198,1297.5775672611198,1297.5775672611198,584.7014092044127,584.7014092044127,584.7014092044127,1297.5775672611198,1297.5775672611198,1297.5775672611198,1308.8383135751772,1308.8383135751772,1308.8383135751772,584.7014092044127,584.7014092044127,584.7014092044127,722.1692389402813,722.1692389402813,722.1692389402813
Davies-Bouldin,0.49700158862439575,0.49700158862439575,0.49700158862439575,0.7274565381552178,0.7274565381552178,0.7274565381552178,0.49700158862439575,0.49700158862439575,0.49700158862439575,0.4933274391890243,0.4933274391890243,0.4933274391890243,0.7274565381552178,0.7274565381552178,0.7274565381552178,0.6387833616117083,0.6387833616117083,0.6387833616117083
